,Unnamed: 0,name,company,year,Price,kms_driven,fuel_type
0,1,Jeep CL550 MDI,Mahindra,2006,425000.0,40.0,Diesel
1,2,Grand i10 Magna 1.2 Kappa VTVT,Hyundai,2014,325000.0,28000.0,Petrol
2,3,EcoSport Titanium 1.5L TDCi,Ford,2014,575000.0,36000.0,Diesel
3,4,Figo,Ford,2012,175000.0,41000.0,Diesel
4,5,Eon,Hyundai,2013,190000.0,25000.0,Petrol
5,6,EcoSport Ambiente 1.5L TDCi,Ford,2016,830000.0,24530.0,Diesel
6,7,Suzuki Alto K10 VXi AMT,Maruti,2015,250000.0,60000.0,Petrol
7,8,Fabia Classic 1.2 MPI,Skoda,2010,182000.0,60000.0,Petrol
8,9,Suzuki Stingray VXi,Maruti,2015,315000.0,30000.0,Petrol
9,10,Elite i20 Magna 1.2,Hyundai,2014,415000.0,32000.0,Petrol
10,11,Scorpio SLE BS IV,Mahindra,2015,320000.0,48660.0,Diesel
11,12,A8,Audi,2017,1000000.0,4000.0,Petrol
12,13,Q7,Audi,2014,500000.0,16934.0,Diesel
13,14,Scorpio S10,Mahindra,2016,350000.0,43000.0,Diesel
14,15,Suzuki Alto 800,Maruti,2014,160000.0,35550.0,Petrol
15,16,Scorpio S10,Mahindra,2016,310000.0,39522.0,Diesel
16,18,i20 Sportz 1.2,Hyundai,2012,100000.0,55000.0,Petrol
17,19,Suzuki Alto 800 Lx,Maruti,2017,190000.0,72000.0,Petrol
18,20,Suzuki Vitara Brezza ZDi,Maruti,2016,290000.0,15975.0,Diesel
19,22,Bolero DI,Mahindra,2017,180000.0,23452.0,Diesel
20,23,Suzuki Swift Dzire ZDi,Maruti,2014,385000.0,35522.0,Diesel
21,24,Scorpio S10 4WD,Mahindra,2015,250000.0,48508.0,Diesel
22,25,Suzuki Swift Vdi BSIII,Maruti,2017,180000.0,15487.0,Petrol
23,26,Suzuki Wagon R VXi BS III,Maruti,2013,105000.0,39000.0,Petrol
24,27,Suzuki Wagon R VXi Minor,Maruti,2013,105000.0,39000.0,Petrol
25,28,Innova 2.0 G 8 STR BS IV,Toyota,2012,650000.0,82000.0,Diesel
26,29,Lodgy 85 PS RXL,Renault,2018,689999.0,20000.0,Diesel
27,30,Yeti Ambition 2.0 TDI CR 4x2,Skoda,2012,448000.0,68000.0,Diesel
28,31,Suzuki Baleno Delta 1.2,Maruti,2017,549000.0,32000.0,Diesel
29,32,Duster 110 PS RxZ Diesel Plus,Renault,2012,501000.0,38000.0,Diesel
30,33,Duster 85 PS RxE Diesel,Renault,2013,489999.0,27000.0,Diesel
31,34,City 1.5 S MT,Honda,2011,280000.0,33000.0,Petrol
32,35,Suzuki Dzire,Maruti,2013,349999.0,46000.0,Diesel
33,36,Amaze,Honda,2013,284999.0,46000.0,Diesel
34,37,Amaze 1.5 SX i DTEC,Honda,2015,345000.0,36000.0,Diesel
35,38,City,Honda,2015,499999.0,55000.0,Petrol
36,39,Redi GO S,Datsun,2017,235000.0,16000.0,Petrol
37,40,Suzuki SX4 ZXI MT,Maruti,2010,249999.0,36000.0,Petrol
38,41,Pajero Sport Limited Edition,Mitsubishi,2015,1475000.0,47000.0,Diesel
39,42,Scorpio S10,Mahindra,2015,395000.0,35000.0,Diesel
40,43,Suzuki Swift VXi 1.2 ABS BS IV,Maruti,2017,220000.0,30874.0,Petrol
41,44,City ZX CVT,Honda,2017,170000.0,15000.0,Diesel
42,46,Indigo eCS LS CR4 BS IV,Tata,2017,200000.0,130000.0,Diesel
43,47,Scorpio SLE BS IV,Mahindra,2012,570000.0,19000.0,Diesel
44,48,Polo Highline Exquisite P,Volkswagen,2014,315000.0,60000.0,Petrol
45,49,Spark LS 1.0,Chevrolet,2010,110000.0,41000.0,Petrol
46,50,Duster 110PS Diesel RxZ,Renault,2012,501000.0,35000.0,Diesel
47,51,City,Honda,2015,448999.0,54000.0,Petrol
48,52,Cooper S 1.6,Mini,2013,1891111.0,13000.0,Petrol
49,53,Fabia 1.2L Diesel Ambiente,Skoda,2011,159500.0,38200.0,Diesel
50,54,Amaze,Honda,2015,344999.0,22000.0,Petrol
51,55,Duster,Renault,2014,449999.0,50000.0,Diesel
52,56,Cooper S 1.6,Mini,2013,1891111.0,13500.0,Petrol
53,57,Scorpio S4,Mahindra,2015,865000.0,30000.0,Diesel
54,58,Scorpio VLX 2WD BS IV,Mahindra,2014,699000.0,50000.0,Diesel
55,59,Quanto C8,Mahindra,2013,375000.0,20000.0,Diesel
56,60,EcoSport,Ford,2017,489999.0,39000.0,Petrol
57,61,Brio,Honda,2012,224999.0,30000.0,Petrol
58,62,Vento Highline Plus 1.5 Diesel AT,Volkswagen,2019,1200000.0,3600.0,Diesel
59,63,i20 Magna,Hyundai,2009,195000.0,32000.0,Petrol
60,64,Corolla Altis Diesel D4DG,Toyota,2010,351000.0,38000.0,Diesel
61,65,Verna Transform SX VTVT,Hyundai,2008,160000.0,45000.0,Petrol
62,66,Corolla Altis Petrol Ltd,Toyota,2009,240000.0,35000.0,Petrol
63,68,Fabia 1.2L Diesel Elegance,Skoda,2011,155000.0,45863.0,Diesel
64,69,3 Series 320i,BMW,2011,600000.0,60500.0,Petrol
65,70,Suzuki A Star Lxi,Maruti,2011,189500.0,12500.0,Petrol
66,71,Etios GD,Toyota,2013,350000.0,60000.0,Diesel
67,72,Figo Diesel EXI Option,Ford,2012,210000.0,35000.0,Diesel
68,73,Suzuki Swift Dzire VXi 1.2 BS IV,Maruti,2014,390000.0,35000.0,Petrol
69,74,Beat LT Diesel,Chevrolet,2012,135000.0,45000.0,Diesel
70,75,7 Series 740Li Sedan,BMW,2009,1600000.0,35000.0,Petrol
71,76,XUV500 W8 AWD 2013,Mahindra,2013,701000.0,38000.0,Diesel
72,77,i10 Magna 1.2,Hyundai,2014,265000.0,18000.0,Petrol
73,78,Verna Fluidic New,Hyundai,2015,525000.0,35000.0,Diesel
74,79,Suzuki Swift VXi 1.2 BS IV,Maruti,2013,372000.0,13349.0,Petrol
75,80,Suzuki Ertiga ZXI Plus,Maruti,2016,635000.0,29000.0,Petrol
76,81,EcoSport Titanium 1.5L TDCi,Ford,2014,550000.0,44000.0,Diesel
77,82,Suzuki Ertiga Vxi,Maruti,2016,575000.0,29000.0,Petrol
78,83,Suzuki Ertiga VDi,Maruti,2013,485000.0,42000.0,Diesel
79,84,Suzuki Alto LXi BS III,Maruti,2012,155000.0,14000.0,Petrol
80,85,Grand i10 Asta 1.1 CRDi,Hyundai,2014,345000.0,49000.0,Diesel
81,86,Amaze 1.2 S i VTEC,Honda,2014,325000.0,42000.0,Petrol
82,87,i20 Asta 1.4 CRDI 6 Speed,Hyundai,2012,329500.0,36200.0,Diesel
83,88,Figo Diesel EXI,Ford,2014,195000.0,50000.0,Diesel
84,89,Suzuki Eeco 5 STR WITH AC HTR,Maruti,2015,251111.0,55000.0,Petrol
85,90,Suzuki Ertiga ZXi,Maruti,2014,569999.0,45000.0,Petrol
86,92,Suzuki Ritz VXI,Maruti,2014,299999.0,19000.0,Petrol
87,93,Suzuki Dzire,Maruti,2009,220000.0,46000.0,Petrol
88,94,Suzuki Ritz LDi,Maruti,2013,399999.0,33000.0,Diesel
89,95,Suzuki Dzire VDI,Maruti,2015,450000.0,104000.0,Diesel
90,96,Etios Liva G,Toyota,2014,270000.0,55000.0,Petrol
91,97,i20 Sportz 1.4 CRDI,Hyundai,2011,350000.0,33333.0,Diesel
92,98,Spark,Chevrolet,2012,158400.0,33600.0,Petrol
93,99,Suzuki Alto K10 VXi AMT,Maruti,2017,350000.0,5600.0,Petrol
94,100,Micra XV,Nissan,2011,179000.0,41000.0,Petrol
95,101,Suzuki Swift,Maruti,2007,125000.0,70000.0,Petrol
96,102,Suzuki Alto 800,Maruti,2018,200000.0,7500.0,Petrol
97,103,Amaze 1.5 S i DTEC,Honda,2013,299000.0,45000.0,Diesel
98,104,Suzuki Alto 800 Vxi,Maruti,2015,220000.0,38000.0,Petrol
99,105,Beat,Chevrolet,2015,150000.0,30000.0,Petrol
100,106,City 1.5 V MT,Honda,2010,285000.0,35000.0,Petrol
101,107,EcoSport Trend 1.5L TDCi,Ford,2016,830000.0,24330.0,Diesel
102,108,i20 Asta 1.2,Hyundai,2009,210000.0,65480.0,Petrol
103,109,Suzuki Swift Dzire VXi 1.2 BS IV,Maruti,2013,340000.0,41000.0,Petrol
104,112,Corolla Altis 1.8 GL,Toyota,2010,289999.0,70000.0,Petrol
105,113,Corolla Altis 1.8 J,Toyota,2012,349999.0,59000.0,Petrol
106,114,Innova 2.5 GX BS IV 7 STR,Toyota,2012,849999.0,99000.0,Diesel
107,115,Jetta Highline TDI AT,Volkswagen,2014,749999.0,46000.0,Diesel
108,116,Polo Comfortline 1.2L P,Volkswagen,2015,399999.0,2800.0,Petrol
109,117,Polo,Volkswagen,2014,274999.0,32000.0,Petrol
110,118,Scorpio,Mahindra,2015,984999.0,22000.0,Diesel
111,119,Sunny,Nissan,2012,224999.0,45000.0,Petrol
112,120,Elite i20,Hyundai,2018,599999.0,21000.0,Petrol
113,121,Kwid,Renault,2016,244999.0,11000.0,Petrol
114,122,Duster,Renault,2013,399999.0,41000.0,Diesel
115,123,Duster,Renault,2014,474999.0,50000.0,Diesel
116,124,Scorpio VLX Airbag,Mahindra,2011,499999.0,66000.0,Diesel
117,125,Suzuki Alto 800 Lxi,Maruti,2018,310000.0,3000.0,Petrol
118,127,Redi GO T O,Datsun,2016,245000.0,7000.0,Petrol
119,128,Suzuki Swift RS VDI,Maruti,2010,189500.0,38500.0,Diesel
120,129,Punto Emotion 1.2,Fiat,2012,169500.0,37200.0,Diesel
121,130,Suzuki Swift RS VDI,Maruti,2010,159500.0,43200.0,Diesel
122,131,Etios GD,Toyota,2013,275000.0,24800.0,Petrol
123,132,i20 Sportz 1.4 CRDI,Hyundai,2014,370000.0,60000.0,Diesel
124,133,i10 Sportz 1.2,Hyundai,2010,168000.0,45872.0,Petrol
125,134,Beat LT Opt Diesel,Chevrolet,2011,150000.0,40000.0,Diesel
126,135,Beat LS Diesel,Chevrolet,2011,145000.0,45000.0,Diesel
127,138,Corolla Altis 1.8 J,Toyota,2015,575000.0,42000.0,Petrol
128,139,City 1.5 V MT,Honda,2014,549000.0,39000.0,Petrol
129,140,Suzuki Swift VDi,Maruti,2011,209000.0,47000.0,Diesel
130,141,Eon Era Plus,Hyundai,2013,185000.0,27000.0,Petrol
131,142,Scorpio S10,Mahindra,2015,900000.0,97200.0,Diesel
132,143,XUV500,Mahindra,2014,699999.0,52000.0,Diesel
133,144,Fiesta,Ford,2011,274999.0,55000.0,Diesel
134,145,City,Honda,2015,599999.0,30000.0,Diesel
135,146,Suzuki Wagon R,Maruti,2012,199999.0,44000.0,Petrol
136,147,City,Honda,2014,544999.0,45000.0,Diesel
137,148,i20,Hyundai,2009,199000.0,31000.0,Petrol
138,149,Indigo eCS LX TDI BS III,Tata,2016,320000.0,175430.0,Diesel
139,150,Fluidic Verna 1.6 CRDi SX,Hyundai,2015,540000.0,38000.0,Diesel
140,151,Quanto C8,Mahindra,2013,340000.0,37000.0,Diesel
141,154,Suzuki Ciaz VXi Plus,Maruti,2016,700000.0,3350.0,Petrol
142,156,Creta 1.6 SX Plus Petrol,Hyundai,2017,895000.0,32000.0,Petrol
143,157,Scorpio SLX,Mahindra,2007,355000.0,75000.0,Diesel
144,158,Scorpio SLE BS IV,Mahindra,2012,565000.0,62000.0,Diesel
145,159,Innova 2.5 G BS III 8 STR,Toyota,2006,365000.0,73000.0,Diesel
146,160,Suzuki Alto K10 VXi AMT,Maruti,2011,145000.0,41000.0,Petrol
147,161,Suzuki Wagon R LXI BS IV,Maruti,2011,210000.0,35000.0,Petrol
148,163,Suzuki Alto Std BS IV,Maruti,2013,125000.0,39000.0,Petrol
149,164,Suzuki Wagon R LXi BS III,Maruti,2009,135000.0,45000.0,Petrol
150,165,Suzuki Swift VXI BSIII,Maruti,2006,135000.0,45000.0,Petrol
151,166,Sumo Victa EX 10 by 7 Str BSIII,Tata,2012,285000.0,65000.0,Diesel
152,167,Suzuki Wagon R LXi BS III,Maruti,2010,145000.0,54870.0,Petrol
153,168,Suzuki Alto LXi BS III,Maruti,2010,135000.0,34580.0,Petrol
154,169,Passat Diesel Comfortline AT,Volkswagen,2009,450000.0,97000.0,Diesel
155,170,Scala RxL Diesel Travelogue,Renault,2015,375000.0,25000.0,Diesel
156,171,Grand i10 Sportz O 1.2 Kappa VTVT,Hyundai,2014,365000.0,20000.0,Petrol
157,172,i20 Active 1.2 SX,Hyundai,2015,500000.0,18000.0,Petrol
158,173,Xylo E4,Mahindra,2012,400000.0,35000.0,Diesel
159,174,Jeep MM 550 XDB,Mahindra,2019,390000.0,60.0,Diesel
160,175,Bolero SLE BS IV,Mahindra,2013,330000.0,80200.0,Diesel
161,176,Motors  One LX ABS 7 STR,Force,2015,580000.0,3200.0,Diesel
162,177,Suzuki SX4,Maruti,2012,265000.0,46000.0,Diesel
163,178,Jeep CL550 MDI,Mahindra,2019,379000.0,0.0,Diesel
164,179,Suzuki Alto 800,Maruti,2015,219000.0,5000.0,Petrol
165,180,Jeep CL550 MDI,Mahindra,2018,385000.0,588.0,Diesel
166,181,Etios,Toyota,2011,275000.0,36000.0,Diesel
167,182,Polo,Volkswagen,2015,330000.0,38000.0,Diesel
168,183,City ZX VTEC,Honda,2008,110000.0,45000.0,Petrol
169,185,City VX O MT Diesel,Honda,2016,519000.0,52000.0,Diesel
170,186,Thar CRDe 4x4 AC,Mahindra,2016,730000.0,29000.0,Diesel
171,187,A4 1.8 TFSI Multitronic Premium Plus,Audi,2009,699000.0,47000.0,Petrol
172,188,Benz GLA Class 200 CDI Sport,Mercedes,2015,2000000.0,20000.0,Diesel
173,189,Rover Freelander 2 SE,Land,2015,2100000.0,30000.0,Diesel
174,190,Kwid RXT,Renault,2017,340000.0,5000.0,Petrol
175,191,Aria Pleasure 4X2,Tata,2014,390000.0,35000.0,Diesel
176,192,Benz B Class B180 Sports,Mercedes,2014,1400000.0,31000.0,Petrol
177,193,GO T O,Datsun,2016,245000.0,7000.0,Petrol
178,194,Indigo eCS LX TDI BS III,Tata,2016,320000.0,175400.0,Diesel
179,195,Jazz VX MT,Honda,2016,450000.0,41000.0,Petrol
180,196,Amaze 1.2 S i VTEC,Honda,2014,311000.0,33000.0,Petrol
181,197,City,Honda,2012,399999.0,45000.0,Petrol
182,198,City,Honda,2015,599999.0,39000.0,Diesel
183,199,Scorpio S4,Mahindra,2015,855000.0,30000.0,Diesel
184,200,i20 Active 1.4L SX O,Hyundai,2015,535000.0,37000.0,Diesel
185,201,Cooper S,Mini,2013,1891111.0,13000.0,Petrol
186,202,Suzuki Ciaz ZXI Plus,Maruti,2017,699000.0,14000.0,Petrol
187,203,Tavera Neo,Chevrolet,2013,375000.0,55000.0,Diesel
188,204,Eon Sportz,Hyundai,2012,178000.0,30000.0,Petrol
189,205,Sumo Gold Select Variant,Tata,2013,300000.0,50000.0,Diesel
190,208,Suzuki Eeco 5 STR WITH AC HTR,Maruti,2015,255000.0,9300.0,Petrol
191,209,Enjoy 1.4 LS 8 STR,Chevrolet,2013,245000.0,55000.0,Diesel
192,210,Suzuki Wagon R 1.0 VXi,Maruti,2015,289999.0,22000.0,Petrol
193,211,Terrano XL D Plus,Nissan,2015,499999.0,60000.0,Diesel
194,212,Duster 85 PS RxE Diesel,Renault,2014,489999.0,59000.0,Diesel
195,213,Duster 85 PS RxL Diesel,Renault,2015,549999.0,19000.0,Diesel
196,214,Suzuki Dzire ZXI,Maruti,2013,380000.0,30000.0,Petrol
197,215,Kwid RXT Opt,Renault,2018,325000.0,15000.0,Petrol
198,217,Kwid 1.0 RXT AMT,Renault,2018,349999.0,10000.0,Petrol
199,218,Scala RxL Diesel,Renault,2014,349999.0,49000.0,Diesel
200,219,Grand i10 Asta 1.2 Kappa VTVT O,Hyundai,2014,410000.0,41000.0,Petrol
201,220,Suzuki Swift Dzire VXi 1.2 BS IV,Maruti,2011,225000.0,45000.0,Petrol
202,221,Beat LS Petrol,Chevrolet,2010,120000.0,43000.0,Petrol
203,224,Beat LS Petrol,Chevrolet,2015,220000.0,32700.0,Petrol
204,225,EcoSport Titanium 1.5L TDCi,Ford,2016,599000.0,30000.0,Diesel
205,227,TUV300 T4 Plus,Mahindra,2016,675000.0,9000.0,Diesel
206,228,Indica V2 Xeta e GLE,Tata,2008,150000.0,11000.0,Petrol
207,230,Suzuki Swift VXi 1.2 ABS BS IV,Maruti,2019,610000.0,73.0,Petrol
208,231,Scorpio VLX Special Edition BS III,Mahindra,2004,230000.0,160000.0,Diesel
209,232,Accord,Honda,2009,175000.0,58559.0,Petrol
210,233,EcoSport Titanium 1.5 TDCi,Ford,2014,520000.0,57000.0,Diesel
211,234,Suzuki Ertiga,Maruti,2015,524999.0,50000.0,Diesel
212,235,Amaze,Honda,2014,299999.0,37000.0,Petrol
213,236,Suzuki Dzire,Maruti,2012,299999.0,40000.0,Petrol
214,237,City,Honda,2011,284999.0,55000.0,Petrol
215,238,Scorpio 2.6 CRDe,Mahindra,2007,220000.0,170000.0,Diesel
216,239,Suzuki Dzire,Maruti,2014,424999.0,55000.0,Diesel
217,240,City,Honda,2015,644999.0,39000.0,Petrol
218,241,Mobilio,Honda,2014,399999.0,44000.0,Petrol
219,242,Corolla Altis,Toyota,2009,199999.0,65000.0,Petrol
220,243,City,Honda,2014,584999.0,39000.0,Petrol
221,244,Laura,Skoda,2012,349999.0,44000.0,Diesel
222,245,Duster,Renault,2015,449999.0,49000.0,Diesel
223,246,Suzuki Ertiga,Maruti,2018,799999.0,9000.0,Diesel
224,247,Suzuki Dzire,Maruti,2015,444999.0,45000.0,Diesel
225,248,XUV500,Mahindra,2014,649999.0,47000.0,Diesel
226,249,Verna Fluidic,Hyundai,2012,444999.0,40000.0,Diesel
227,250,Suzuki Vitara Brezza,Maruti,2016,689999.0,29000.0,Diesel
228,251,Suzuki Wagon R,Maruti,2016,344999.0,15000.0,Petrol
229,252,Scorpio,Mahindra,2015,944999.0,45000.0,Diesel
230,253,Amaze,Honda,2014,274999.0,35000.0,Petrol
231,254,XUV500,Mahindra,2013,689999.0,80000.0,Diesel
232,255,Scorpio,Mahindra,2013,574999.0,68000.0,Diesel
233,256,Laura,Skoda,2013,374999.0,50000.0,Diesel
234,257,Polo,Volkswagen,2010,199999.0,60000.0,Diesel
235,258,Elite i20,Hyundai,2016,549999.0,9000.0,Petrol
236,259,Manza Aura Quadrajet,Tata,2012,130000.0,72000.0,Diesel
237,260,Sail UVA Petrol LT ABS,Chevrolet,2013,210000.0,60000.0,Petrol
238,261,Verna Fluidic 1.6 VTVT SX,Hyundai,2013,401000.0,45000.0,Diesel
239,262,A4 2.0 TDI 177bhp Premium,Audi,2012,1350000.0,40000.0,Diesel
240,263,Elantra SX,Hyundai,2013,600000.0,20000.0,Petrol
241,264,Scorpio VLX 4WD Airbag,Mahindra,2013,610000.0,35000.0,Diesel
242,265,KUV100 K8 D 6 STR,Mahindra,2016,400000.0,20000.0,Diesel
243,266,Grand i10,Hyundai,2017,524999.0,6821.0,Petrol
244,267,i20,Hyundai,2014,449999.0,23000.0,Petrol
245,268,Eon,Hyundai,2014,174999.0,14000.0,Petrol
246,269,i10,Hyundai,2012,244999.0,38000.0,Petrol
247,270,i20 Active,Hyundai,2015,574999.0,35000.0,Diesel
248,271,Redi GO,Datsun,2017,244999.0,22000.0,Petrol
249,272,Etios Liva,Toyota,2011,239999.0,41000.0,Petrol
250,274,Verna,Hyundai,2014,489999.0,44000.0,Diesel
251,275,Suzuki Swift,Maruti,2013,324999.0,45000.0,Diesel
252,276,Fortuner,Toyota,2011,1074999.0,52000.0,Diesel
253,277,i10 Sportz,Hyundai,2012,230000.0,34000.0,Petrol
254,278,Bolero Power Plus SLE,Mahindra,2018,699000.0,1800.0,Diesel
255,279,XUV500,Mahindra,2015,1000000.0,15000.0,Diesel
256,280,City 1.5 V MT Exclusive,Honda,2010,240000.0,400000.0,Petrol
257,281,Spark LT 1.0 Airbag,Chevrolet,2009,110000.0,44000.0,Petrol
258,282,XUV500,Mahindra,2016,1130000.0,72000.0,Diesel
259,283,Indigo eCS VX CR4 BS IV,Tata,2014,250000.0,40000.0,Diesel
260,284,Rapid Elegance 1.6 TDI CR MT,Skoda,2013,340000.0,48000.0,Diesel
261,285,Vista Quadrajet VX,Tata,2011,120000.0,90000.0,Diesel
262,286,Suzuki Alto K10 VXi AT,Maruti,2015,265000.0,12000.0,Petrol
263,288,i10 Magna 1.2,Hyundai,2011,175000.0,45000.0,Petrol
264,289,Suzuki Swift Dzire Tour LDi,Maruti,2016,350000.0,166000.0,Diesel
265,290,City ZX EXi,Honda,2008,149000.0,42000.0,Petrol
266,291,Jeep MM 550 XDB,Mahindra,2006,425000.0,122.0,Diesel
267,292,Beat Diesel,Chevrolet,2017,150000.0,62000.0,Diesel
268,293,City 1.5 S MT,Honda,2010,225000.0,70000.0,Petrol
269,294,Verna 1.4 VTVT,Hyundai,2014,375000.0,36000.0,Petrol
270,295,Innova 2.5 E MS 7 STR BS IV,Toyota,2012,770000.0,0.0,Diesel
271,297,Suzuki Swift,Maruti,2014,335000.0,55000.0,Diesel
272,298,Elite i20 Asta 1.4 CRDI,Hyundai,2015,450000.0,20000.0,Diesel
273,299,Suzuki Swift Dzire VXi 1.2 BS IV,Maruti,2012,225000.0,40000.0,Petrol
274,301,Indigo LX TDI BS III,Tata,2016,130000.0,104000.0,Diesel
275,302,Vento Konekt Diesel Highline,Volkswagen,2011,245000.0,65000.0,Diesel
276,303,Benz C Class 200 CDI Classic,Mercedes,2002,399000.0,41000.0,Petrol
277,304,Suzuki Ertiga VDi,Maruti,2013,450000.0,90000.0,Diesel
278,308,Sonata Transform 2.4 GDi MT,Hyundai,2017,190000.0,36469.0,Diesel
279,309,Elite i20 Sportz 1.2,Hyundai,2018,600000.0,7800.0,Petrol
280,310,Suzuki Alto 800 Lxi,Maruti,2017,240000.0,60000.0,Petrol
281,311,Suzuki Alto LXi BS III,Maruti,2011,155000.0,32000.0,Petrol
282,312,Jazz S MT,Honda,2009,169999.0,24695.0,Petrol
283,313,Grand i10 Sportz 1.2 Kappa VTVT,Hyundai,2017,450000.0,15141.0,Petrol
284,315,Scorpio W Turbo 2.6DX 9 Seater,Mahindra,2012,165000.0,65000.0,Diesel
285,316,Suzuki Alto K10 VXi,Maruti,2014,270000.0,22000.0,Petrol
286,317,Grand i10 Asta 1.2 Kappa VTVT,Hyundai,2016,280000.0,59910.0,Diesel
287,318,XUV500 W8,Mahindra,2012,560000.0,100000.0,Diesel
288,319,Creta 1.6 SX Plus Petrol,Hyundai,2016,950000.0,25000.0,Petrol
289,320,i20 Magna O 1.2,Hyundai,2013,310000.0,35000.0,Petrol
290,321,Duster 85 PS RxL Explore LE,Renault,2015,715000.0,65000.0,Diesel
291,322,Grand i10 Sportz 1.2 Kappa VTVT,Hyundai,2014,340000.0,35000.0,Petrol
292,323,Brio V MT,Honda,2012,235000.0,33000.0,Petrol
293,324,TUV300 T4 Plus,Mahindra,2017,610000.0,68000.0,Diesel
294,326,TUV300 T8,Mahindra,2018,1000000.0,4500.0,Diesel
295,327,Suzuki Swift Dzire Tour LDi,Maruti,2015,220000.0,129000.0,Diesel
296,328,X Trail Select Variant,Nissan,2019,1200000.0,300.0,Diesel
297,329,Suzuki Alto 800 Vxi,Maruti,2015,230000.0,5000.0,Petrol
298,331,Fortuner 3.0 4x4 MT,Toyota,2010,940000.0,131000.0,Diesel
299,332,Manza ELAN Quadrajet,Tata,2010,155555.0,111111.0,Petrol
300,333,Benz A Class A 180 Sport Petrol,Mercedes,2013,1500000.0,14000.0,Petrol
301,334,Beat LS Diesel,Chevrolet,2016,210000.0,22000.0,Diesel
302,335,EcoSport Trend 1.5L TDCi,Ford,2013,495000.0,38000.0,Diesel
303,336,Indigo LS,Tata,2016,125000.0,70000.0,Diesel
304,337,i20 Magna 1.2,Hyundai,2010,195000.0,36000.0,Petrol
305,338,Vento Highline Plus 1.5 Diesel AT,Volkswagen,2015,550000.0,34000.0,Diesel
306,339,Kwid RXT,Renault,2015,270000.0,43000.0,Petrol
307,340,EcoSport Titanium 1.5L TDCi,Ford,2014,500000.0,40000.0,Diesel
308,341,Amaze 1.5 E i DTEC,Honda,2016,240000.0,160000.0,Diesel
309,342,Verna 1.6 EX VTVT,Hyundai,2017,800000.0,12000.0,Petrol
310,343,5 Series 520d Sedan,BMW,2011,1299000.0,49000.0,Diesel
311,344,Superb 1.8 TFSI AT,Skoda,2011,530000.0,68000.0,Petrol
312,345,Q3 2.0 TDI quattro Premium,Audi,2013,1499000.0,37000.0,Diesel
313,346,Bolero DI BSII,Mahindra,2012,220000.0,59466.0,Diesel
314,347,Figo Duratorq Diesel Titanium 1.4,Ford,2012,250000.0,99000.0,Diesel
315,348,Suzuki Wagon R VXI BS IV,Maruti,2018,395000.0,25500.0,Petrol
316,349,Logan Diesel 1.5 DLS,Mahindra,2009,130000.0,66000.0,Petrol
317,351,TUV300 T4 Plus,Mahindra,2016,540000.0,35000.0,Diesel
318,352,Elite i20 Magna 1.2,Hyundai,2015,405000.0,28000.0,Petrol
319,353,Elite i20 Magna 1.2,Hyundai,2015,400000.0,30000.0,Petrol
320,354,City SV,Honda,2017,760000.0,4000.0,Petrol
321,355,Suzuki Baleno Delta 1.2,Maruti,2016,500000.0,28000.0,Petrol
322,356,Figo Petrol LXI,Ford,2011,175000.0,75000.0,Petrol
323,357,City,Honda,2017,750000.0,3000.0,Petrol
324,358,Elite i20 Magna 1.2,Hyundai,2015,419000.0,20000.0,Petrol
325,360,Eon Era Plus,Hyundai,2018,140000.0,2110.0,Petrol
326,361,Pajero Sport Limited Edition,Mitsubishi,2015,1540000.0,43222.0,Petrol
327,362,i10 Magna 1.2 Kappa2,Hyundai,2008,275000.0,100200.0,Petrol
328,363,Corolla H2,Toyota,2003,150000.0,100000.0,Petrol
329,364,Suzuki Swift Dzire Tour VXi,Maruti,2011,230000.0,65.0,Petrol
330,365,Indigo CS eLS BS IV,Tata,2015,123000.0,100000.0,Diesel
331,366,Xcent Base 1.1 CRDi,Hyundai,2016,300000.0,140000.0,Diesel
332,367,Accent Executive Edition,Hyundai,2009,165000.0,48000.0,Petrol
333,368,Suzuki Baleno Delta 1.2,Maruti,2016,498000.0,22000.0,Petrol
334,369,Zest XE 75 PS Diesel,Tata,2018,480000.0,103553.0,Diesel
335,370,Suzuki Dzire LDI,Maruti,2017,488000.0,80000.0,Diesel
336,371,Sumo Gold LX BS IV,Tata,2014,250000.0,99000.0,Diesel
337,372,Corolla Altis GL Petrol,Toyota,2010,220000.0,58000.0,Petrol
338,373,Suzuki Eeco 7 STR,Maruti,2013,290000.0,70000.0,LPG
339,374,Fortuner 3.0 4x2 MT,Toyota,2015,1525000.0,120000.0,Diesel
340,375,XUV500 W6,Mahindra,2013,548900.0,49800.0,Diesel
341,376,Tigor Revotron XZ,Tata,2019,650000.0,100.0,Diesel
342,378,Suzuki Ertiga Vxi,Maruti,2015,550000.0,75000.0,Petrol
343,379,Mobilio S i DTEC,Honda,2014,399000.0,44000.0,Diesel
344,380,Suzuki Ertiga,Maruti,2016,730000.0,55000.0,Diesel
345,381,Suzuki Vitara Brezza,Maruti,2017,725000.0,36000.0,Diesel
346,382,Verna 1.6 CRDI E,Hyundai,2016,195000.0,56000.0,Diesel
347,383,Suzuki Swift VXI BSIII,Maruti,2007,130000.0,62000.0,Petrol
348,384,Suzuki Omni Select Variant,Maruti,2014,190000.0,6020.0,Petrol
349,385,Amaze,Honda,2013,250000.0,55700.0,Diesel
350,387,Santro Xing,Hyundai,2003,120000.0,50000.0,Petrol
351,388,Suzuki Zen Estilo,Maruti,2010,149000.0,35000.0,Petrol
352,389,Suzuki Wagon R LXI BS IV,Maruti,2014,250000.0,18500.0,Petrol
353,390,Suzuki Wagon R,Maruti,2007,120000.0,7000.0,Petrol
354,391,Brio VX AT,Honda,2017,450000.0,11000.0,Petrol
355,393,Suzuki Zen Estilo LXI Green CNG,Maruti,2008,135000.0,23000.0,Petrol
356,394,Suzuki Wagon R Select Variant,Maruti,2016,225000.0,35500.0,Diesel
357,396,Kwid RXT,Renault,2019,370000.0,1000.0,Petrol
358,398,XE XE Portfolio,Jaguar,2016,2800000.0,8500.0,Petrol
359,399,Eon Magna Plus,Hyundai,2014,190000.0,35000.0,Petrol
360,400,City 1.5 S MT,Honda,2014,499000.0,22000.0,Petrol
361,402,Suzuki Ritz GENUS VXI,Maruti,2010,149000.0,40000.0,Petrol
362,403,Grand i10 Magna AT 1.2 Kappa VTVT,Hyundai,2017,400000.0,20000.0,Petrol
363,404,Eon D Lite Plus,Hyundai,2016,120000.0,87000.0,Petrol
364,405,Suzuki Swift Dzire VXi 1.2 BS IV,Maruti,2015,250000.0,55000.0,Petrol
365,406,Suzuki Wagon R VXI BS IV,Maruti,2017,375000.0,23000.0,Petrol
366,407,Amaze 1.2 VX i VTEC,Honda,2014,381000.0,6000.0,Petrol
367,408,Suzuki Estilo VXi ABS BS IV,Maruti,2013,180000.0,65000.0,Petrol
368,409,Suzuki Vitara Brezza LDi O,Maruti,2016,580000.0,25000.0,Diesel
369,410,Suzuki Eeco 5 STR WITH AC HTR,Maruti,2015,278000.0,39000.0,Petrol
370,411,Creta 1.6 SX Plus Petrol AT,Hyundai,2016,1000000.0,8000.0,Petrol
371,412,Scorpio Vlx BSIV,Mahindra,2013,690000.0,75000.0,Diesel
372,413,Suzuki Ertiga VDi,Maruti,2012,480000.0,51000.0,Diesel
373,417,Grand i10 Magna 1.2 Kappa VTVT,Hyundai,2015,340000.0,53000.0,Petrol
374,418,Eon D Lite Plus,Hyundai,2018,260000.0,25000.0,Petrol
375,419,Fiesta SXi 1.6 ABS,Ford,2009,250000.0,56400.0,Petrol
376,420,Suzuki Ritz VDi,Maruti,2010,180000.0,72160.0,Diesel
377,421,Verna Fluidic New,Hyundai,2012,350000.0,10000.0,Diesel
378,423,Suzuki Estilo LX BS IV,Maruti,2007,115000.0,36000.0,Petrol
379,424,A6 2.0 TDI Premium,Audi,2012,1599000.0,11500.0,Diesel
380,425,Suzuki Wagon R LXi BS III,Maruti,2003,130000.0,133000.0,Petrol
381,426,Suzuki Wagon R,Maruti,2009,159000.0,27000.0,Petrol
382,427,Suzuki Wagon R,Maruti,2009,160000.0,35000.0,Petrol
383,428,Suzuki Alto,Maruti,2010,110000.0,55000.0,Petrol
384,429,Suzuki Baleno Sigma 1.2,Maruti,2016,425000.0,40000.0,Petrol
385,430,Verna 1.6 SX VTVT AT,Hyundai,2019,900000.0,2000.0,Petrol
386,431,Suzuki Swift GLAM,Maruti,2009,150000.0,45000.0,Petrol
387,432,Getz Prime 1.3 GVS,Hyundai,2009,110000.0,20000.0,Petrol
388,434,Getz Prime 1.3 GLX,Hyundai,2009,115000.0,20000.0,Petrol
389,435,Beat PS Diesel,Chevrolet,2012,215000.0,65422.0,Diesel
390,436,EcoSport Trend 1.5 Ti VCT,Ford,2017,580000.0,10000.0,Petrol
391,437,Suzuki Dzire ZXI,Maruti,2013,380000.0,35000.0,Petrol
392,438,Fluidic Verna 1.6 CRDi SX,Hyundai,2013,350000.0,117000.0,Diesel
393,440,X1 xDrive20d xLine,BMW,2011,1150000.0,72000.0,Diesel
394,441,i20 Asta 1.2,Hyundai,2010,300000.0,10750.0,Petrol
395,442,City 1.5 V AT,Honda,2009,269000.0,55000.0,Petrol
396,444,Cruze LTZ AT,Chevrolet,2014,400000.0,41000.0,Diesel
397,445,Verna Fluidic New,Hyundai,2015,430000.0,73000.0,Diesel
398,446,Suzuki Swift Dzire VDi,Maruti,2011,140000.0,65000.0,Diesel
399,448,XUV500 W10,Mahindra,2018,1299000.0,40000.0,Diesel
400,449,Suzuki Alto K10 LXi CNG,Maruti,2014,199000.0,37000.0,Petrol
401,451,Motors One SUV,Force,2013,550000.0,140000.0,Diesel
402,452,Suzuki Alto,Maruti,2019,265000.0,9800.0,Petrol
403,453,Spark 1.0 LT,Chevrolet,2011,100000.0,27000.0,Petrol
404,454,i10,Hyundai,2009,215000.0,27000.0,Petrol
405,455,Etios Liva GD,Toyota,2012,380000.0,20000.0,Diesel
406,456,Duster 85PS Diesel RxL Optional with Nav,Renault,2013,401919.0,57923.0,Diesel
407,457,Enjoy,Chevrolet,2014,490000.0,30201.0,Diesel
408,458,Suzuki Alto 800 Lxi,Maruti,2017,280000.0,6200.0,Petrol
409,459,5 Series 530i,BMW,2009,650000.0,37518.0,Petrol
410,460,Etios Liva G,Toyota,2014,160000.0,24652.0,Petrol
411,461,Jeep MM 550 XDB,Mahindra,2004,424000.0,383.0,Diesel
412,462,Beat LS Diesel,Chevrolet,2016,225000.0,95000.0,Diesel
413,463,Cruze LTZ,Chevrolet,2011,350000.0,35000.0,Diesel
414,464,Wrangler Unlimited 4x4 Diesel,Jeep,2015,950000.0,3528.0,Diesel
415,465,Suzuki Ertiga VDi,Maruti,2013,485000.0,52500.0,Diesel
416,466,Verna VGT CRDi SX ABS,Hyundai,2010,205000.0,47900.0,Diesel
417,467,Suzuki Omni,Maruti,2012,160000.0,14000.0,Petrol
418,468,Suzuki Celerio VDi,Maruti,2018,310000.0,37000.0,Petrol
419,469,Zest Quadrajet 1.3,Tata,2017,180000.0,90000.0,Diesel
420,470,XUV500 W6,Mahindra,2013,549900.0,52800.0,Diesel
421,471,Indigo CS eLX BS IV,Tata,2016,150000.0,104000.0,Diesel
422,472,i10 Era,Hyundai,2011,175000.0,30000.0,Petrol
423,474,Indigo LX TDI BS III,Tata,2016,230000.0,104000.0,Diesel
424,475,Indigo eCS LX CR4 BS IV,Tata,2016,230000.0,104000.0,Diesel
425,476,Indigo Marina LS,Tata,2004,180000.0,70000.0,Diesel
426,477,Xcent SX 1.2,Hyundai,2015,400000.0,43000.0,Diesel
427,478,Eon Magna Plus,Hyundai,2013,185000.0,23000.0,Petrol
428,479,Duster 85 PS RxL Diesel,Renault,2015,385000.0,51000.0,Diesel
429,482,Duster 110 PS RxZ Diesel,Renault,2013,435000.0,39000.0,Diesel
430,483,Suzuki Wagon R AX BSIV,Maruti,2010,225000.0,40000.0,Petrol
431,484,Suzuki Swift,Maruti,2006,189700.0,48247.0,Petrol
432,485,Suzuki Ertiga,Maruti,2012,389700.0,39000.0,Diesel
433,486,Suzuki Swift VXi 1.2 ABS BS IV,Maruti,2014,365000.0,23000.0,Petrol
434,487,Suzuki Alto K10 New,Maruti,2017,360000.0,9400.0,Petrol
435,488,i20 Magna,Hyundai,2010,210000.0,50000.0,Petrol
436,489,i10 Magna 1.2,Hyundai,2009,170000.0,75000.0,Petrol
437,490,Zest XE 75 PS Diesel,Tata,2017,380000.0,70000.0,Diesel
438,491,Xylo E8,Mahindra,2009,295000.0,64000.0,Diesel
439,492,Corolla Altis GL Petrol,Toyota,2010,185000.0,55000.0,Petrol
440,493,Manza Aqua Quadrajet,Tata,2014,160000.0,200000.0,Diesel
441,494,Kwid 1.0,Renault,2018,290000.0,2137.0,Petrol
442,495,Venture EX 8 STR,Tata,2013,100000.0,30000.0,Diesel
443,496,Suzuki Swift Dzire Tour LXi,Maruti,2014,315000.0,44000.0,Petrol
444,497,Octavia Classic 1.9 TDI MT,Skoda,2006,114990.0,65000.0,Diesel
445,498,Suzuki Omni LPG BS IV,Maruti,2012,120000.0,160000.0,LPG
446,499,Beat Diesel,Chevrolet,2011,125000.0,56000.0,Diesel
447,500,Sumo Gold EX BS IV,Tata,2012,210000.0,75000.0,Diesel
448,501,Verna 1.6 CRDI SX,Hyundai,2018,855000.0,42000.0,Diesel
449,502,Scorpio 2.6 CRDe,Mahindra,2007,260000.0,56000.0,Diesel
450,504,Suzuki Swift Dzire VXi 1.2 BS IV,Maruti,2011,255000.0,64000.0,Petrol
451,505,Scorpio SLX 2.6 Turbo 8 Str,Mahindra,2008,300000.0,70000.0,Diesel
452,506,Grand i10 Sportz 1.2 Kappa VTVT,Hyundai,2014,340000.0,25000.0,Petrol
453,507,Elite i20 Sportz 1.2,Hyundai,2017,550000.0,15000.0,Petrol
454,509,Innova 2.5 V 7 STR,Toyota,2011,750000.0,147000.0,Diesel
455,510,Sunny XL,Nissan,2011,230000.0,52000.0,Petrol
456,511,Beat LT Diesel,Chevrolet,2012,130000.0,90001.0,Diesel
457,512,Suzuki Alto 800 Lxi,Maruti,2017,270000.0,21000.0,Petrol
458,513,Suzuki Swift VDi BS IV,Maruti,2012,280000.0,48006.0,Diesel
459,514,Suzuki Swift,Maruti,2012,280000.0,48006.0,Diesel
460,515,Innova 2.0 G4,Toyota,2012,600000.0,80000.0,Diesel
461,516,Suzuki Swift VDi ABS,Maruti,2010,190000.0,74000.0,Diesel
462,517,Elite i20 Asta 1.2,Hyundai,2015,500000.0,22000.0,Petrol
463,518,XUV500 W10,Mahindra,2016,1065000.0,41000.0,Diesel
464,519,Polo Trendline 1.5L D,Volkswagen,2015,350000.0,25000.0,Diesel
465,520,Etios Liva Diesel,Toyota,2012,350000.0,85000.0,Diesel
466,521,TUV300 T4 Plus,Mahindra,2016,540000.0,29500.0,Diesel
467,522,Elite i20 Asta 1.2,Hyundai,2015,470000.0,30000.0,Petrol
468,523,Santro Xing GLS,Hyundai,2014,179000.0,57000.0,Petrol
469,525,Suzuki Ciaz ZXi Plus RS,Maruti,2016,650000.0,50000.0,Petrol
470,526,Eon Era Plus,Hyundai,2013,190000.0,39700.0,Petrol
471,527,Elantra 1.8 S,Hyundai,2012,500000.0,65000.0,Petrol
472,528,Suzuki Swift VDi,Maruti,2010,270000.0,67000.0,Diesel
473,529,Suzuki Zen Estilo LXI Green CNG,Maruti,2008,125000.0,46000.0,Petrol
474,530,Eon Era Plus,Hyundai,2012,188000.0,38000.0,Petrol
475,531,Grand i10 Magna 1.2 Kappa VTVT,Hyundai,2016,380000.0,27000.0,Petrol
476,532,Verna Fluidic New,Hyundai,2011,365000.0,43000.0,Diesel
477,533,EcoSport Trend 1.5L Ti VCT,Ford,2014,465000.0,47000.0,Petrol
478,534,i20 Magna,Hyundai,2011,240000.0,42000.0,Petrol
479,535,Beat Diesel,Chevrolet,2016,179999.0,19336.0,Diesel
480,536,Indica eV2 LS,Tata,2015,140000.0,60105.0,Diesel
481,537,XF 2.2 Diesel Luxury,Jaguar,2013,2190000.0,29000.0,Diesel
482,538,Q5 2.0 TDI quattro Premium Plus,Audi,2014,2390000.0,34000.0,Diesel
483,539,3 Series 320d Sedan,BMW,2011,1075000.0,35000.0,Diesel
484,540,Suzuki Swift ZXi 1.2 BS IV,Maruti,2015,475000.0,22000.0,Petrol
485,541,X1 sDrive20d,BMW,2012,1025000.0,41000.0,Diesel
486,542,Suzuki S Cross Sigma 1.3,Maruti,2016,615000.0,21000.0,Diesel
487,543,Suzuki Ertiga LDi,Maruti,2013,475000.0,48000.0,Diesel
488,544,Suzuki Alto K10 VXi AMT,Maruti,2016,270000.0,38000.0,Petrol
489,545,City SV,Honda,2014,475000.0,34000.0,Diesel
490,546,Vento Comfortline Petrol,Volkswagen,2011,240000.0,45933.0,Petrol
491,547,City 1.5 EXi New,Honda,2005,120000.0,68000.0,Petrol
492,548,A4 2.0 TDI 177bhp Premium,Audi,2016,1900000.0,44000.0,Diesel
493,549,KUV100,Mahindra,2017,360000.0,35000.0,Diesel
494,550,Zest XE 75 PS Diesel,Tata,2018,450000.0,102563.0,Diesel
495,551,XUV500 W8,Mahindra,2015,900000.0,28600.0,Diesel
496,552,Suzuki Swift Dzire Tour VDi,Maruti,2017,650000.0,41800.0,Diesel
497,553,Sumo Gold LX BS IV,Tata,2014,275000.0,116000.0,Diesel
498,554,Suzuki Swift Dzire VXi 1.2 BS IV,Maruti,2009,210000.0,59000.0,Petrol
499,555,Scorpio 2.6 SLX,Mahindra,2004,175000.0,58000.0,Diesel
500,557,Pajero Sport Limited Edition,Mitsubishi,2015,1490000.0,42590.0,Diesel
501,558,Duster,Renault,2014,800000.0,7400.0,Diesel
502,559,Jetta Comfortline 1.9 TDI AT,Volkswagen,2009,450000.0,54500.0,Diesel
503,560,Suzuki Ertiga Vxi,Maruti,2012,1000000.0,200000.0,Diesel
504,561,A4 2.0 TDI 177bhp Premium,Audi,2013,1510000.0,27000.0,Diesel
505,562,S80 Summum D4,Volvo,2015,1850000.0,42000.0,Diesel
506,563,Corolla Altis VL AT Petrol,Toyota,2014,790000.0,29000.0,Petrol
507,564,Pajero Sport 2.5 AT,Mitsubishi,2015,1725000.0,37000.0,Diesel
508,565,Beat LT Petrol,Chevrolet,2012,135000.0,36000.0,Petrol
509,566,X1,BMW,2011,1000000.0,34000.0,Diesel
510,567,Redi GO S,Datsun,2018,299999.0,7000.0,Petrol
511,568,Benz C Class C 220 CDI Avantgarde,Mercedes,2009,1225000.0,76000.0,Diesel
512,569,Scorpio SLX,Mahindra,2004,175000.0,60000.0,Diesel
513,570,Vento Comfortline Diesel,Volkswagen,2011,200000.0,95000.0,Diesel
514,571,Indigo CS GLS,Tata,2017,270000.0,50000.0,Diesel
515,572,Figo Petrol Titanium,Ford,2019,525000.0,0.0,Petrol
516,573,City ZX GXi,Honda,2006,180000.0,50000.0,Petrol
517,574,Suzuki Wagon R Duo Lxi,Maruti,2008,140000.0,68000.0,Petrol
518,575,EcoSport Trend 1.5L TDCi,Ford,2014,400000.0,16000.0,Petrol
519,576,Suzuki Swift Dzire VDi,Maruti,2016,499000.0,51000.0,Diesel
520,579,Duster RxL Petrol,Renault,2015,550000.0,36000.0,Petrol
521,580,Suzuki Swift VXi 1.2 BS IV,Maruti,2014,370000.0,11523.0,Petrol
522,581,Suzuki Baleno Zeta 1.2,Maruti,2018,690000.0,1000.0,Petrol
523,582,WR V S MT Petrol,Honda,2009,250000.0,60000.0,Petrol
524,583,Indigo CS eLX BS IV,Tata,2016,110000.0,85000.0,Diesel
525,584,Duster 110 PS RxL Diesel,Renault,2013,490000.0,38600.0,Diesel
526,585,Scorpio LX BS III,Mahindra,2009,320000.0,95500.0,Diesel
527,587,Suzuki Wagon R LXi BS III,Maruti,2014,130000.0,37458.0,Petrol
528,588,Suzuki SX4 Celebration Diesel,Maruti,2016,970000.0,85960.0,Diesel
529,589,A3 Cabriolet 40 TFSI,Audi,2015,3100000.0,12516.0,Petrol
530,590,Eon D Lite Plus,Hyundai,2018,280000.0,35000.0,Petrol
531,591,Suzuki Zen Estilo LXI Green CNG,Maruti,2009,125000.0,0.0,Petrol
532,592,Scorpio SLX,Mahindra,2008,285000.0,80000.0,Diesel
533,593,Santro AE GLS Audio,Hyundai,2011,165000.0,45000.0,Petrol
534,594,Suzuki Swift Dzire Tour VDi,Maruti,2009,250000.0,51000.0,Diesel
535,595,Xylo D2 BS IV,Mahindra,2011,390000.0,48000.0,Diesel
536,597,Beat LT Diesel,Chevrolet,2015,215000.0,90000.0,Diesel
537,598,Suzuki Swift Dzire VDi,Maruti,2015,475000.0,43000.0,Diesel
538,599,XUV500 W8,Mahindra,2015,899000.0,53000.0,Diesel
539,600,Fortuner 3.0 4x4 MT,Toyota,2013,1499000.0,97000.0,Diesel
540,601,Suzuki Alto K10 VXi,Maruti,2013,240000.0,20000.0,Petrol
541,603,Suzuki Swift Dzire Tour LDi,Maruti,2014,260000.0,120000.0,Diesel
542,604,Creta 1.6 SX,Hyundai,2019,1200000.0,0.0,Petrol
543,605,Santro Xing XL AT eRLX Euro III,Hyundai,2007,115000.0,46000.0,Petrol
544,607,Xylo D2 BS IV,Mahindra,2011,390000.0,56000.0,Diesel
545,608,Santro Xing XL eRLX Euro III,Hyundai,2007,135000.0,42000.0,Petrol
546,610,i10 Sportz 1.2,Hyundai,2011,220000.0,38000.0,Petrol
547,611,Grand i10 Magna 1.2 Kappa VTVT,Hyundai,2017,424999.0,2550.0,Petrol
548,612,Santro Xing XL AT eRLX Euro III,Hyundai,2007,135000.0,47000.0,Petrol
549,614,Micra XL,Nissan,2017,430000.0,62500.0,Diesel
550,615,City 1.5 S Inspire,Honda,2005,115000.0,68000.0,Petrol
551,616,Suzuki Alto 800 Lxi,Maruti,2015,215000.0,50000.0,Petrol
552,618,Suzuki Ertiga VDi,Maruti,2012,500000.0,48000.0,Diesel
553,620,Suzuki Omni E 8 STR BS IV,Maruti,2013,165000.0,25000.0,Petrol
554,621,Eon Era Plus,Hyundai,2014,200000.0,28400.0,Petrol
555,622,Eon,Hyundai,2014,200000.0,28000.0,Petrol
556,623,Suzuki Swift LDi,Maruti,2015,425000.0,42000.0,Diesel
557,624,Verna 1.6 CRDI SX Plus AT,Hyundai,2012,600000.0,29000.0,Diesel
558,625,Tavera LS B3 10 Seats BSII,Chevrolet,2005,130000.0,68485.0,Diesel
559,626,Tiago Revotron XM,Tata,2018,430000.0,3500.0,Petrol
560,627,Tiago Revotorq XZ,Tata,2019,568500.0,0.0,Petrol
561,629,KUV100 K8 D 6 STR,Mahindra,2018,560000.0,8000.0,Diesel
562,630,EcoSport Titanium 1.5 TDCi,Ford,2014,590000.0,34000.0,Diesel
563,631,Motors Ambassador Classic Mark 4 – Befo,Hindustan,1995,750000.0,37000.0,Petrol
564,632,Fusion 1.4 TDCi Diesel,Ford,2007,125000.0,85455.0,Diesel
565,633,Santro Xing XL AT eRLX Euro III,Hyundai,2007,135000.0,46000.0,Petrol
566,635,Linea Emotion 1.4 L T Jet Petrol,Fiat,2009,120000.0,64000.0,Petrol
567,637,Suzuki Omni E 8 STR BS IV,Maruti,2017,240000.0,8000.0,Petrol
568,638,Indica V2 LS,Tata,2012,115000.0,64000.0,Diesel
569,639,Scorpio S4,Mahindra,2015,795000.0,63000.0,Diesel
570,641,Xylo D2,Mahindra,2009,300000.0,62000.0,Diesel
571,642,Grand i10 Asta 1.2 Kappa VTVT,Hyundai,2014,320000.0,41000.0,Petrol
572,643,Suzuki Alto 800 Lxi,Maruti,2015,265000.0,14000.0,Petrol
573,644,Corolla,Toyota,2006,160000.0,40000.0,Petrol
574,645,Eon Magna,Hyundai,2017,300000.0,1600.0,Petrol
575,646,Sumo Grande MKII GX,Tata,2010,130000.0,90000.0,Diesel
576,647,Suzuki Swift VDi,Maruti,2011,250000.0,58000.0,Diesel
577,648,Polo Highline1.2L P,Volkswagen,2013,380000.0,27000.0,Petrol
578,650,Tiago Revotron XZ,Tata,2017,400000.0,31000.0,Petrol
579,651,Suzuki Swift LDi,Maruti,2009,120000.0,90000.0,Diesel
580,652,Suzuki Swift VDi,Maruti,2009,120000.0,90000.0,Diesel
581,653,Indigo eCS,Tata,2016,130000.0,150000.0,Diesel
582,654,Beat LS Diesel,Chevrolet,2014,189000.0,31000.0,Diesel
583,655,Xylo E8 BS IV,Mahindra,2011,365000.0,43000.0,Diesel
584,656,Eon D Lite Plus,Hyundai,2013,170000.0,20000.0,Petrol
585,657,Sumo Gold FX BSIII,Tata,2013,215000.0,100000.0,Petrol
586,659,Elite i20,Hyundai,2017,599999.0,31000.0,Petrol
587,660,i10 Magna 1.2 Kappa2,Hyundai,2009,400000.0,33000.0,Petrol
588,661,Creta,Hyundai,2016,900000.0,60000.0,Diesel
589,662,Polo,Volkswagen,2013,299999.0,48000.0,Diesel
590,663,Suzuki Dzire,Maruti,2014,374999.0,33000.0,Petrol
591,664,Bolt XM Petrol,Tata,2015,600000.0,15000.0,Petrol
592,666,Suzuki Alto,Maruti,2005,100000.0,40000.0,Petrol
593,667,Suzuki Ritz,Maruti,2010,150000.0,38000.0,Diesel
594,668,Suzuki Alto 800 Lxi,Maruti,2017,225000.0,12500.0,Petrol
595,669,Suzuki Dzire,Maruti,2009,210000.0,42000.0,Petrol
596,670,i20 Asta,Hyundai,2014,425000.0,31000.0,Petrol
597,671,Suzuki Swift Select Variant,Maruti,2008,162000.0,60000.0,Diesel
598,673,Scorpio VLX 2.2 mHawk Airbag BSIV,Mahindra,2014,650000.0,77000.0,Diesel
599,674,Innova 2.5 E 8 STR,Toyota,2012,750000.0,75000.0,Diesel
600,675,Xylo E8,Mahindra,2010,375000.0,40000.0,Diesel
601,676,i20 Magna 1.2,Hyundai,2011,230000.0,47000.0,Petrol
602,678,KUV100,Mahindra,2016,380000.0,26500.0,Petrol
603,679,KUV100 K8 6 STR,Mahindra,2019,560000.0,2875.0,Petrol
604,680,Go Plus,Datsun,2016,285000.0,13900.0,Petrol
605,681,Endeavor 4x4 Thunder Plus,Ford,2019,2900000.0,9000.0,Diesel
606,684,Suzuki Wagon R 1.0 VXi,Maruti,2016,395000.0,20000.0,Petrol
607,685,Suzuki Swift Select Variant,Maruti,2008,175000.0,58000.0,Diesel
608,686,Suzuki Alto 800 Lx,Maruti,2019,400000.0,1500.0,Petrol
609,687,Innova 2.5 Z Diesel 7 Seater,Toyota,2011,750000.0,75000.0,Diesel
610,688,Suzuki Alto 800,Maruti,2016,250000.0,2450.0,Petrol
611,689,Suzuki Alto AX,Maruti,2019,425000.0,1625.0,Petrol
612,690,Polo Highline1.2L P,Volkswagen,2017,525000.0,45000.0,Petrol
613,691,Logan,Mahindra,2009,130000.0,65000.0,Diesel
614,693,Scorpio,Mahindra,2011,475000.0,60123.0,Diesel
615,694,Sail 1.2 LS,Chevrolet,2013,300000.0,28000.0,Petrol
616,696,Suzuki Wagon R VXi Minor,Maruti,2006,100000.0,7000.0,Petrol
617,697,Eon,Hyundai,2018,260000.0,25000.0,Petrol
618,698,Manza,Tata,2015,100000.0,100000.0,Diesel
619,699,Etios G,Toyota,2013,265000.0,42000.0,Petrol
620,700,Qualis,Toyota,2003,180000.0,100000.0,Diesel
621,703,City 1.5 S MT,Honda,2009,270000.0,55000.0,Petrol
622,704,Zest XE 75 PS Diesel,Tata,2017,290000.0,120000.0,Diesel
623,705,Quanto C4,Mahindra,2013,325000.0,63000.0,Diesel
624,706,Indigo eCS LX CR4 BS IV,Tata,2016,160000.0,104000.0,Diesel
625,707,Suzuki Swift Dzire,Maruti,2016,350000.0,146000.0,Diesel
626,708,Elite i20,Hyundai,2011,290000.0,40000.0,Petrol
627,709,i20 Select Variant,Hyundai,2011,290000.0,40000.0,Petrol
628,710,Tavera Neo,Chevrolet,2007,465000.0,100800.0,Diesel
629,711,Suzuki Dzire,Maruti,2016,325000.0,150000.0,Diesel
630,712,Elite i20,Hyundai,2018,510000.0,2100.0,Petrol
631,713,City VX Petrol,Honda,2016,860000.0,95000.0,Petrol
632,714,Suzuki Dzire,Maruti,2016,450000.0,2500.0,Diesel
633,715,Getz,Hyundai,2006,125000.0,80000.0,Petrol
634,716,Benz C Class 200 K MT,Mercedes,2006,500001.0,15000.0,Petrol
635,718,Fabia,Skoda,2009,110000.0,45000.0,Petrol
636,719,Suzuki Ritz VXI ABS,Maruti,2011,270000.0,50000.0,Petrol
637,720,Indica V2 DLE BS III,Tata,2009,110000.0,30000.0,Diesel
638,721,Corolla Altis,Toyota,2009,300000.0,132000.0,Petrol
639,722,Zest XM Diesel,Tata,2018,260000.0,27000.0,Diesel
640,723,Quanto C8,Mahindra,2013,390000.0,40000.0,Diesel
